Workbook

Sheet Orders
A1: OrderID | B1: CustomerID | C1: RestaurantID | D1: Cuisine | E1: OrderDate | F1: DeliveryTime | G1: Rating | H1: Revenue | I1: Outlier Flag
A2: O001 | B2: C101 | C2: R001 | D2: Indian | E2: 46029 | F2: 28 | G2: 5 | H2: 450 | I2: =IF(OR(Table1[[#This Row],[DeliveryTime]]>'Stats Summary'!$B$13,Table1[[#This Row],[DeliveryTime]]<'Stats Summary'!$B$12),"Yes","No") -> No
A3: O002 | B3: C102 | C3: R002 | D3: Pizza | E3: 46029 | F3: 35 | G3: 4 | H3: 620 | I3: =IF(OR(Table1[[#This Row],[DeliveryTime]]>'Stats Summary'!$B$13,Table1[[#This Row],[DeliveryTime]]<'Stats Summary'!$B$12),"Yes","No") -> No
A4: O003 | B4: C103 | C4: R003 | D4: Chinese | E4: 46060 | F4: 42 | G4: 3 | H4: 780 | I4: =IF(OR(Table1[[#This Row],[DeliveryTime]]>'Stats Summary'!$B$13,Table1[[#This Row],[DeliveryTime]]<'Stats Summary'!$B$12),"Yes","No") -> No
A5: O004 | B5: C104 | C5: R001 | D5: Indian | E5: 46060 | F5: 25 | G5: 5 | H5: 520 | I5: =IF(OR(Table1[[#This Row],[DeliveryTime]]>'Stats Summary'!$B$13,Table1[[#This Row],[DeliveryTime]]<'Stats Summary'!$B$12),"Yes","No") -> No
A6: O005 | B6: C105 | C6: R004 | D6: Burger | E6: 46088 | F6: 55 | G6: 2 | H6: 850 | I6: =IF(OR(Table1[[#This Row],[DeliveryTime]]>'Stats Summary'!$B$13,Table1[[#This Row],[DeliveryTime]]<'Stats Summary'!$B$12),"Yes","No") -> No
A7: O006 | B7: C106 | C7: R005 | D7: Mexican | E7: 46088 | F7: 35 | G7: 4 | H7: 410 | I7: =IF(OR(Table1[[#This Row],[DeliveryTime]]>'Stats Summary'!$B$13,Table1[[#This Row],[DeliveryTime]]<'Stats Summary'!$B$12),"Yes","No") -> No
A8: O007 | B8: C107 | C8: R002 | D8: Pizza | E8: 46119 | F8: 38 | G8: 4 | H8: 690 | I8: =IF(OR(Table1[[#This Row],[DeliveryTime]]>'Stats Summary'!$B$13,Table1[[#This Row],[DeliveryTime]]<'Stats Summary'!$B$12),"Yes","No") -> No
A9: O008 | B9: C108 | C9: R003 | D9: Chinese | E9: 46119 | F9: 29 | G9: 5 | H9: 550 | I9: =IF(OR(Table1[[#This Row],[DeliveryTime]]>'Stats Summary'!$B$13,Table1[[#This Row],[DeliveryTime]]<'Stats Summary'!$B$12),"Yes","No") -> No
A10: O009 | B10: C109 | C10: R004 | D10: Burger | E10: 46149 | F10: 47 | G10: 3 | H10: 720 | I10: =IF(OR(Table1[[#This Row],[DeliveryTime]]>'Stats Summary'!$B$13,Table1[[#This Row],[DeliveryTime]]<'Stats Summary'!$B$12),"Yes","No") -> No
A11: O010 | B11: C110 | C11: R005 | D11: Mexican | E11: 46149 | F11: 75 | G11: 4 | H11: 480 | I11: =IF(OR(Table1[[#This Row],[DeliveryTime]]>'Stats Summary'!$B$13,Table1[[#This Row],[DeliveryTime]]<'Stats Summary'!$B$12),"Yes","No") -> Yes
A12: O011 | B12: C111 | C12: R001 | D12: Indian | E12: 46180 | F12: 27 | G12: 5 | H12: 610 | I12: =IF(OR(Table1[[#This Row],[DeliveryTime]]>'Stats Summary'!$B$13,Table1[[#This Row],[DeliveryTime]]<'Stats Summary'!$B$12),"Yes","No") -> No
A13: O012 | B13: C112 | C13: R002 | D13: Pizza | E13: 46180 | F13: 40 | G13: 3 | H13: 760 | I13: =IF(OR(Table1[[#This Row],[DeliveryTime]]>'Stats Summary'!$B$13,Table1[[#This Row],[DeliveryTime]]<'Stats Summary'!$B$12),"Yes","No") -> No
... A21: O020 | B21: C120 | C21: R005 | D21: Mexican | E21: 46302 | F21: 26 | G21: 5 | H21: 460 | I21: =IF(OR(Table1[[#This Row],[DeliveryTime]]>'Stats Summary'!$B$13,Table1[[#This Row],[DeliveryTime]]<'Stats Summary'!$B$12),"Yes","No") -> No

Sheet Stats Summary
A1: Delivery Performance Statistics | B1: Data
A2: Mean | B2: =AVERAGE(Table1[DeliveryTime]) -> 40.4
A3: Median | B3: =MEDIAN(Table1[DeliveryTime]) -> 37
A4: Mode | B4: =_xlfn.MODE.SNGL(Table1[DeliveryTime]) -> 35
A5: Standard Deviation | B5: =_xlfn.STDEV.S(Table1[DeliveryTime]) -> 13.823702
A6: Variance | B6: =_xlfn.VAR.S(Table1[DeliveryTime]) -> 191.09474
A7: Minimum | B7: =MIN(Table1[DeliveryTime]) -> 25
A8: Maximum | B8: =MAX(Table1[DeliveryTime]) -> 75
A9: 25th Percentile | B9: =_xlfn.QUARTILE.INC(Table1[DeliveryTime],1) -> 29.75
A10: 75th Percentile | B10: =_xlfn.QUARTILE.INC(Table1[DeliveryTime],3) -> 45.5
A11: IQR | B11: =B10-B9 -> 15.75
A12: Lower Bound | B12: =B9-(1.5*B11) -> 6.125
A13: Upper Bound | B13: =B10+(1.5*B11) -> 69.125
