Workbook
Name NativeTimeline_OrderDate: #N/A
Name Slicer_Zone: #N/A

Sheet Orders Sheet
A1: OrderID | B1: RestaurantID | C1: Cuisine | D1: Zone | E1: OrderDate | F1: DeliveryTime | G1: Rating | H1: Revenue | I1: Status | J1: RestaurantName | K1: Category | L1: Fast Delivery
A2: ORD001 | B2: R001 | C2: Indian | D2: West | E2: 46024 | F2: 24 | G2: 3.4 | H2: 450 | I2: Delayed | J2: =IFERROR(_xlfn.XLOOKUP(Table1[[#This Row],[RestaurantID]],Table2[RestaurantID],Table2[RestaurantName]),"Unknown") -> Spice Villa | K2: =IFERROR(_xlfn.XLOOKUP(Table1[[#This Row],[RestaurantID]],Table2[RestaurantID],Table2[Category]),"Unknown") -> Indian | L2: =IF(AND(Table1[[#This Row],[Status]]="Delivered",F2<=40),1,0) -> 0
A3: ORD002 | B3: R002 | C3: Indian | D3: Central | E3: 46027 | F3: 31 | G3: 3.7 | H3: 587 | I3: Delivered | J3: =IFERROR(_xlfn.XLOOKUP(Table1[[#This Row],[RestaurantID]],Table2[RestaurantID],Table2[RestaurantName]),"Unknown") -> Tandoori Tales | K3: =IFERROR(_xlfn.XLOOKUP(Table1[[#This Row],[RestaurantID]],Table2[RestaurantID],Table2[Category]),"Unknown") -> Indian | L3: =IF(AND(Table1[[#This Row],[Status]]="Delivered",F3<=40),1,0) -> 1
A4: ORD003 | B4: R003 | C4: Indian | D4: North | E4: 46030 | F4: 38 | G4: 4 | H4: 724 | I4: Delivered | J4: =IFERROR(_xlfn.XLOOKUP(Table1[[#This Row],[RestaurantID]],Table2[RestaurantID],Table2[RestaurantName]),"Unknown") -> Curry Corner | K4: =IFERROR(_xlfn.XLOOKUP(Table1[[#This Row],[RestaurantID]],Table2[RestaurantID],Table2[Category]),"Unknown") -> Indian | L4: =IF(AND(Table1[[#This Row],[Status]]="Delivered",F4<=40),1,0) -> 1
A5: ORD004 | B5: R004 | C5: Chinese | D5: East | E5: 46033 | F5: 45 | G5: 4.3 | H5: 861 | I5: Delivered | J5: =IFERROR(_xlfn.XLOOKUP(Table1[[#This Row],[RestaurantID]],Table2[RestaurantID],Table2[RestaurantName]),"Unknown") -> Urban Wok | K5: =IFERROR(_xlfn.XLOOKUP(Table1[[#This Row],[RestaurantID]],Table2[RestaurantID],Table2[Category]),"Unknown") -> Chinese | L5: =IF(AND(Table1[[#This Row],[Status]]="Delivered",F5<=40),1,0) -> 0
A6: ORD005 | B6: R005 | C6: Chinese | D6: South | E6: 46036 | F6: 25 | G6: 4.6 | H6: 998 | I6: Delivered | J6: =IFERROR(_xlfn.XLOOKUP(Table1[[#This Row],[RestaurantID]],Table2[RestaurantID],Table2[RestaurantName]),"Unknown") -> Dragon Bowl | K6: =IFERROR(_xlfn.XLOOKUP(Table1[[#This Row],[RestaurantID]],Table2[RestaurantID],Table2[Category]),"Unknown") -> Chinese | L6: =IF(AND(Table1[[#This Row],[Status]]="Delivered",F6<=40),1,0) -> 1
A7: ORD006 | B7: R006 | C7: Chinese | D7: West | E7: 46039 | F7: 32 | G7: 4.9 | H7: 1135 | I7: Delivered | J7: =IFERROR(_xlfn.XLOOKUP(Table1[[#This Row],[RestaurantID]],Table2[RestaurantID],Table2[RestaurantName]),"Unknown") -> Golden Wok | K7: =IFERROR(_xlfn.XLOOKUP(Table1[[#This Row],[RestaurantID]],Table2[RestaurantID],Table2[Category]),"Unknown") -> Chinese | L7: =IF(AND(Table1[[#This Row],[Status]]="Delivered",F7<=40),1,0) -> 1
A8: ORD007 | B8: R007 | C8: Italian | D8: Central | E8: 46042 | F8: 39 | G8: 3.5 | H8: 1272 | I8: Delivered | J8: =IFERROR(_xlfn.XLOOKUP(Table1[[#This Row],[RestaurantID]],Table2[RestaurantID],Table2[RestaurantName]),"Unknown") -> Pasta Palace | K8: =IFERROR(_xlfn.XLOOKUP(Table1[[#This Row],[RestaurantID]],Table2[RestaurantID],Table2[Category]),"Unknown") -> Italian | L8: =IF(AND(Table1[[#This Row],[Status]]="Delivered",F8<=40),1,0) -> 1
A9: ORD008 | B9: R008 | C9: Italian | D9: North | E9: 46045 | F9: 46 | G9: 3.8 | H9: 1409 | I9: Delivered | J9: =IFERROR(_xlfn.XLOOKUP(Table1[[#This Row],[RestaurantID]],Table2[RestaurantID],Table2[RestaurantName]),"Unknown") -> Roma Kitchen | K9: =IFERROR(_xlfn.XLOOKUP(Table1[[#This Row],[RestaurantID]],Table2[RestaurantID],Table2[Category]),"Unknown") -> Italian | L9: =IF(AND(Table1[[#This Row],[Status]]="Delivered",F9<=40),1,0) -> 0
A10: ORD009 | B10: R009 | C10: Italian | D10: East | E10: 46048 | F10: 26 | G10: 4.1 | H10: 1546 | I10: Delivered | J10: =IFERROR(_xlfn.XLOOKUP(Table1[[#This Row],[RestaurantID]],Table2[RestaurantID],Table2[RestaurantName]),"Unknown") -> Bella Italia | K10: =IFERROR(_xlfn.XLOOKUP(Table1[[#This Row],[RestaurantID]],Table2[RestaurantID],Table2[Category]),"Unknown") -> Italian | L10: =IF(AND(Table1[[#This Row],[Status]]="Delivered",F10<=40),1,0) -> 1
A11: ORD010 | B11: R010 | C11: Mexican | D11: South | E11: 46051 | F11: 33 | G11: 4.4 | H11: 1683 | I11: Delivered | J11: =IFERROR(_xlfn.XLOOKUP(Table1[[#This Row],[RestaurantID]],Table2[RestaurantID],Table2[RestaurantName]),"Unknown") -> Mexican Fiesta | K11: =IFERROR(_xlfn.XLOOKUP(Table1[[#This Row],[RestaurantID]],Table2[RestaurantID],Table2[Category]),"Unknown") -> Mexican | L11: =IF(AND(Table1[[#This Row],[Status]]="Delivered",F11<=40),1,0) -> 1
A12: ORD011 | B12: R011 | C12: Mexican | D12: West | E12: 46054 | F12: 40 | G12: 4.7 | H12: 1820 | I12: Delivered | J12: =IFERROR(_xlfn.XLOOKUP(Table1[[#This Row],[RestaurantID]],Table2[RestaurantID],Table2[RestaurantName]),"Unknown") -> Taco Town | K12: =IFERROR(_xlfn.XLOOKUP(Table1[[#This Row],[RestaurantID]],Table2[RestaurantID],Table2[Category]),"Unknown") -> Mexican | L12: =IF(AND(Table1[[#This Row],[Status]]="Delivered",F12<=40),1,0) -> 1
A13: ORD012 | B13: R012 | C13: Mexican | D13: Central | E13: 46057 | F13: 47 | G13: 3.3 | H13: 1957 | I13: Delivered | J13: =IFERROR(_xlfn.XLOOKUP(Table1[[#This Row],[RestaurantID]],Table2[RestaurantID],Table2[RestaurantName]),"Unknown") -> Casa Mexicana | K13: =IFERROR(_xlfn.XLOOKUP(Table1[[#This Row],[RestaurantID]],Table2[RestaurantID],Table2[Category]),"Unknown") -> Mexican | L13: =IF(AND(Table1[[#This Row],[Status]]="Delivered",F13<=40),1,0) -> 0
... A101: ORD100 | B101: R010 | C101: Mexican | D101: South | E101: 46051 | F101: 42 | G101: 4.2 | H101: 1463 | I101: Delivered | J101: =IFERROR(_xlfn.XLOOKUP(Table1[[#This Row],[RestaurantID]],Table2[RestaurantID],Table2[RestaurantName]),"Unknown") -> Mexican Fiesta | K101: =IFERROR(_xlfn.XLOOKUP(Table1[[#This Row],[RestaurantID]],Table2[RestaurantID],Table2[Category]),"Unknown") -> Mexican | L101: =IF(AND(Table1[[#This Row],[Status]]="Delivered",F101<=40),1,0) -> 0

Sheet Restaurants
A1: RestaurantID | B1: RestaurantName | C1: Category | D1: Zone
A2: R001 | B2: Spice Villa | C2: Indian | D2: West
A3: R002 | B3: Tandoori Tales | C3: Indian | D3: Central
A4: R003 | B4: Curry Corner | C4: Indian | D4: North
A5: R004 | B5: Urban Wok | C5: Chinese | D5: East
A6: R005 | B6: Dragon Bowl | C6: Chinese | D6: South
A7: R006 | B7: Golden Wok | C7: Chinese | D7: West
A8: R007 | B8: Pasta Palace | C8: Italian | D8: Central
A9: R008 | B9: Roma Kitchen | C9: Italian | D9: North
A10: R009 | B10: Bella Italia | C10: Italian | D10: East
A11: R010 | B11: Mexican Fiesta | C11: Mexican | D11: South
A12: R011 | B12: Taco Town | C12: Mexican | D12: West
... A16: R015 | B16: Pasta Street | C16: Italian | D16: South

Sheet Zone Stats
A1: Zone | B1: Mean DeliveryTime | C1: Median DeliveryTime | D1: Std Dev DeliveryTime | E1: Mean Revenue | F1: Median Revenue | G1: Std Dev Revenue | H1: Delivery Flag
A2: West | B2: =AVERAGEIF(Table1[Zone],Table3[[#This Row],[Zone]],Table1[DeliveryTime]) -> 35.2 | C2: {=MEDIAN(_xlfn._xlws.FILTER(Table1[DeliveryTime],Table1[Zone]=Table3[[#This Row],[Zone]]))} -> 35 | D2: {=_xlfn.STDEV.S(_xlfn._xlws.FILTER(Table1[DeliveryTime],Table1[Zone]=Table3[[#This Row],[Zone]]))} -> 7.8980344 | E2: =AVERAGEIF(Table1[Zone],Table3[[#This Row],[Zone]],'Orders Sheet'!H:H) -> 1875.1053 | F2: {=MEDIAN(_xlfn._xlws.FILTER(Table1[Revenue],Table1[Zone]=Table3[[#This Row],[Zone]]))} -> 1905 | G2: {=_xlfn.STDEV.S(_xlfn._xlws.FILTER(Table1[Revenue],Table1[Zone]=Table3[[#This Row],[Zone]]))} -> 966.26329 | H2: =IF(Table3[[#This Row],[Mean DeliveryTime]]>MEDIAN(Table1[DeliveryTime]),"Above Overall Median","Within/Below Median") -> Within/Below Median
A3: Central | B3: =AVERAGEIF(Table1[Zone],Table3[[#This Row],[Zone]],Table1[DeliveryTime]) -> 36.8 | C3: {=MEDIAN(_xlfn._xlws.FILTER(Table1[DeliveryTime],Table1[Zone]=Table3[[#This Row],[Zone]]))} -> 37 | D3: {=_xlfn.STDEV.S(_xlfn._xlws.FILTER(Table1[DeliveryTime],Table1[Zone]=Table3[[#This Row],[Zone]]))} -> 7.8980344 | E3: =AVERAGEIF(Table1[Zone],Table3[[#This Row],[Zone]],'Orders Sheet'!H:H) -> 1934 | F3: {=MEDIAN(_xlfn._xlws.FILTER(Table1[Revenue],Table1[Zone]=Table3[[#This Row],[Zone]]))} -> 1899.5 | G3: {=_xlfn.STDEV.S(_xlfn._xlws.FILTER(Table1[Revenue],Table1[Zone]=Table3[[#This Row],[Zone]]))} -> 957.75972 | H3: =IF(Table3[[#This Row],[Mean DeliveryTime]]>MEDIAN(Table1[DeliveryTime]),"Above Overall Median","Within/Below Median") -> Above Overall Median
A4: North | B4: =AVERAGEIF(Table1[Zone],Table3[[#This Row],[Zone]],Table1[DeliveryTime]) -> 35.1 | C4: {=MEDIAN(_xlfn._xlws.FILTER(Table1[DeliveryTime],Table1[Zone]=Table3[[#This Row],[Zone]]))} -> 34 | D4: {=_xlfn.STDEV.S(_xlfn._xlws.FILTER(Table1[DeliveryTime],Table1[Zone]=Table3[[#This Row],[Zone]]))} -> 7.9000333 | E4: =AVERAGEIF(Table1[Zone],Table3[[#This Row],[Zone]],'Orders Sheet'!H:H) -> 1955.1 | F4: {=MEDIAN(_xlfn._xlws.FILTER(Table1[Revenue],Table1[Zone]=Table3[[#This Row],[Zone]]))} -> 1905 | G4: {=_xlfn.STDEV.S(_xlfn._xlws.FILTER(Table1[Revenue],Table1[Zone]=Table3[[#This Row],[Zone]]))} -> 948.00352 | H4: =IF(Table3[[#This Row],[Mean DeliveryTime]]>MEDIAN(Table1[DeliveryTime]),"Above Overall Median","Within/Below Median") -> Within/Below Median
A5: East | B5: =AVERAGEIF(Table1[Zone],Table3[[#This Row],[Zone]],Table1[DeliveryTime]) -> 36.55 | C5: {=MEDIAN(_xlfn._xlws.FILTER(Table1[DeliveryTime],Table1[Zone]=Table3[[#This Row],[Zone]]))} -> 38.5 | D5: {=_xlfn.STDEV.S(_xlfn._xlws.FILTER(Table1[DeliveryTime],Table1[Zone]=Table3[[#This Row],[Zone]]))} -> 8.0293868 | E5: =AVERAGEIF(Table1[Zone],Table3[[#This Row],[Zone]],'Orders Sheet'!H:H) -> 1853.4 | F5: {=MEDIAN(_xlfn._xlws.FILTER(Table1[Revenue],Table1[Zone]=Table3[[#This Row],[Zone]]))} -> 1773.5 | G5: {=_xlfn.STDEV.S(_xlfn._xlws.FILTER(Table1[Revenue],Table1[Zone]=Table3[[#This Row],[Zone]]))} -> 917.28142 | H5: =IF(Table3[[#This Row],[Mean DeliveryTime]]>MEDIAN(Table1[DeliveryTime]),"Above Overall Median","Within/Below Median") -> Above Overall Median
A6: South | B6: =AVERAGEIF(Table1[Zone],Table3[[#This Row],[Zone]],Table1[DeliveryTime]) -> 36.2 | C6: {=MEDIAN(_xlfn._xlws.FILTER(Table1[DeliveryTime],Table1[Zone]=Table3[[#This Row],[Zone]]))} -> 36 | D6: {=_xlfn.STDEV.S(_xlfn._xlws.FILTER(Table1[DeliveryTime],Table1[Zone]=Table3[[#This Row],[Zone]]))} -> 7.8980344 | E6: =AVERAGEIF(Table1[Zone],Table3[[#This Row],[Zone]],'Orders Sheet'!H:H) -> 1874.5 | F6: {=MEDIAN(_xlfn._xlws.FILTER(Table1[Revenue],Table1[Zone]=Table3[[#This Row],[Zone]]))} -> 1768 | G6: {=_xlfn.STDEV.S(_xlfn._xlws.FILTER(Table1[Revenue],Table1[Zone]=Table3[[#This Row],[Zone]]))} -> 905.62003 | H6: =IF(Table3[[#This Row],[Mean DeliveryTime]]>MEDIAN(Table1[DeliveryTime]),"Above Overall Median","Within/Below Median") -> Above Overall Median

Sheet RevenuebyCuisine&Zone
A3: Sum of Revenue | B3: Column Labels | I3: Average of Rating | J3: Column Labels
A4: Row Labels | B4: Central | C4: East | D4: North | E4: South | F4: West | G4: Grand Total | I4: Row Labels | J4: Central | K4: East | L4: North | M4: South | N4: West | O4: Grand Total
A5: Chinese | C5: 11512 | D5: 12811 | E5: 12471 | F5: 13430 | G5: 50224 | I5: Chinese | K5: 4.2 | L5: 4.1 | M5: 4.0142857 | N5: 4.3142857 | O5: 4.1592593
A6: Indian | B6: 12724 | C6: 11989 | D6: 10553 | F6: 14905 | G6: 50171 | I6: Indian | J6: 4.0857143 | K6: 4.0833333 | L6: 3.9 | N6: 4.0285714 | O6: 4.0222222
A7: Italian | B7: 14389 | C7: 13167 | D7: 15348 | E7: 13633 | G7: 56537 | I7: Italian | J7: 3.8857143 | K7: 4 | L7: 4.1857143 | M7: 4.1166667 | O7: 4.0444444
A8: Mexican | B8: 11167 | E8: 10986 | F8: 10345 | G8: 32498 | I8: Mexican | J8: 4.0666667 | M8: 4.3 | N8: 4.05 | O8: 4.1473684
A9: Grand Total | B9: 38280 | C9: 36668 | D9: 38712 | E9: 37090 | F9: 38680 | G9: 189430 | I9: Grand Total | J9: 4.01 | K9: 4.095 | L9: 4.06 | M9: 4.145 | N9: 4.135 | O9: 4.089

Sheet Order Count by Month 
A1: Row Labels | B1: Count of OrderID | K1: Sum of Fast Delivery | L1: Count of OrderID
A2: Qtr1 | B2: 100 | K2: 66 | L2: 100
A3: Jan | B3: 40
A4: Feb | B4: 30
A5: Mar | B5: 30
A6: Grand Total | B6: 100

Sheet DASHBOARD
A1: FOOD DELIVERY OPERATIONS DASHBOARD
A4: =GETPIVOTDATA("Revenue",'RevenuebyCuisine&Zone'!$A$3) -> 189430 | F4: =GETPIVOTDATA("Rating",'RevenuebyCuisine&Zone'!$I$3) -> 4.089 | J4: =GETPIVOTDATA("Sum of Fast Delivery",'Order Count by Month '!$K$1)/GETPIVOTDATA("Count of OrderID",'Order Count by Month '!$K$1) -> 0.66
